canonical_name,unit_family
五香粉,mass
猪里脊,mass
青椒,mass
西红柿,mass
白糖,mass
食用油,volume
食盐,mass
生抽,volume
肉丝,mass
丝瓜,mass
鸡蛋,unknown
蒜,mass
葱,mass
牛肉,mass
红椒,mass
香菇,mass
淀粉,mass
姜,mass
花椒,mass
肉粒,mass
土豆,mass
香醋,volume
老鸭,mass
五花肉,mass
老抽,volume
料酒,volume
花肉,mass
扁豆,mass
梨,mass
孜然,mass
黑胡椒,mass
果味,mass
步做出,mass
猪脚,mass
排骨,mass
豆豉,mass
羊肉,mass
箱零食,mass
椒盐,mass
箱版腊肉,mass
萝卜,mass
简易,mass
枸杞,mass
猪肉,mass
竹笋,mass
玉米,mass
豆干,mass
芹菜,mass
香芹,mass
肉上海口味,mass
口香,mass
虾,mass
黄瓜,mass
色滑,mass
泡椒丝,mass
鸡翅,mass
干辣椒,mass
铸铁锅,mass
花生,mass
茄子,mass
肉丁,mass
肉皮冻,mass
莴笋,mass
鸡肉,mass
腐竹,mass
莲藕,mass
洋葱,mass
法国红酒,mass
面粉,mass
鱼,mass
剁椒,mass
柠檬,mass
肉片,mass
香熏,mass
豆瓣酱,mass
鸡公,mass
五花,mass
菜花,mass
鸟蛋,mass
小鸡,mass
南瓜,mass
更的,mass
火腿,mass
抱子甘蓝,mass
豆芽,mass
生蚝,mass
新奥尔良,mass
宫保,mass
白菜,mass
香水,mass
木耳,mass
豆腐,mass
牛奶,volume
烘蛋,mass
老太太的,mass
鸡根,mass
芝麻,mass
超红,mass
蜜汁,mass
海鳗,mass
蔬菜,mass
泡椒,mass
可乐,mass
北极,mass
鸡腿,mass
香鸡翼,mass
豆角,mass
的最吃法,mass
简易美式早餐附,mass
蛋蓉不老秘方,mass
不腻红,mass
金针菇,mass
不减可乐,mass
来喽,mass
秋刀,mass
香肠,mass
彩缤纷的,mass
青豆,mass
鸡胗,mass
小米,mass
粽叶飘香香,mass
川火爆,mass
彩百叶,mass
外婆乡小榨,mass
西葫芦,mass
最佳,mass
酸菜,mass
搞定,mass
图解,mass
甜辣,mass
湖南小,mass
腰果,mass
东北酸菜,mass
多宝,mass
猪蹄,mass
大米,mass
黄花,mass
鸭肉,mass
香骨,mass
蛤蜊,mass
香鲅,mass
蟹,mass
味菇,mass
橄榄菜,mass
苦瓜,mass
爵仕快波炉之豆豉,mass
腊肉,mass
鲜小,mass
牛箭,mass
糯米,mass
荷叶,mass
山药,mass
快手,mass
猪皮,mass
胡椒,mass
日式,mass
蛋简单的,mass
辣子,mass
肉排,mass
绿豆,mass
肉塞,mass
酥肉,mass
蛋偏甜,mass
猪肝,mass
步到位,mass
水拼盘,mass
甜椒,mass
肉乱,mass
腊味,mass
猪肚菇,mass
薯条,mass
生菜,mass
肉块,mass
川味宫保,mass
手撕鸡,mass
百合,mass
猪扒粒,mass
川味,mass
榛蘑,mass
零厨艺也能轻松,mass
出的,mass
素鸡,mass
湖南,mass
口味,mass
东北泡菜,mass
香锅,mass
茭白,mass
农家小,mass
毛豆,mass
清淡爽口又的小,mass
空气,mass
锅之辣子,mass
猪手,mass
鲜香,mass
控之,mass
花肉爆,mass
砂锅,mass
韭菜,mass
蜂蜜,mass
焦香猪脚脚,mass
西瓜,mass
豆豉陈皮,mass
凤尾,mass
馋嘴鸭,mass
香醉,mass
沙茶肉,mass
菠菜,mass
淡奶油,volume
春鸡,mass
春韭银,mass
荷兰豆,mass
培根,mass
汁财,mass
羊腿肉,mass
状元豆,mass
草莓,mass
鸡丝,mass
红酒,mass
鱿鱼,mass
黄金,mass
扇贝,mass
塔嘛,mass
柳排,mass
喜丸子非,mass
层塔鲍菇,mass
小黄花,mass
啤酒濑尿,mass
彩腰果,mass
条椒丝,mass
鸡串,mass
皇帝,mass
香泡椒,mass
回锅小,mass
香啤酒,mass
香肉松蛋,mass
香无骨,mass
湘味,mass
香椒汁龙利,mass
香叉,mass
花肉蛋蛋蛋,mass
出来的,mass
季红,mass
蜜汁叉,mass
干清,mass
秋葵,mass
瑞典肉丸,mass
肉条桥头,mass
鱼块,mass
滑蛋,mass
步做出柠香,mass
蛋土豪我们是朋友,mass
吮指的香,mass
鸡汁,mass
我的冬菇,mass
荆条,mass
腊肠,mass
香嫩,mass
吮指,mass
箱菜,mass
猪排,mass
鲜莓红,mass
三吃之花开富贵,mass
增肌无,mass
菠萝,mass
酱辣皮皮,mass
毛线牌蛋,mass
简单红,mass
红薯,mass
啤酒鸭,mass
季豆末,mass
喜丸子里面有,mass
辣椒,mass
川香,mass
超详细,mass
鸡米,mass
红枣,mass
桂花蜜汁,mass
陈皮,mass
泥鸭,mass
牛肝菌,mass
香松,mass
吃过就爱上滴,mass
羊蹄,mass
丸子君,mass
牛骨,mass
京酱肉,mass
地瓜柿子,mass
芋头,mass
砂锅红,mass
色相味美之农家小,mass
外婆小榨,mass
白水,mass
梧桐花,mass
奥尔良,mass
冬瓜,mass
野鸡,mass
台蘑,mass
洋芋鸡,mass
猪大肠,mass
港式叉,mass
妈妈传授,mass
罗菲,mass
简单,mass
自创中国风,mass
红酒椒香,mass
芝香,mass
魔芋,mass
豆豉辣椒,mass
肉皮,mass
腐乳米酒,mass
核桃,mass
泡菜,mass
百叶结红,mass
老山芹,mass
大鹅,mass
超快手,mass
酱腊肉,mass
串串,mass
香鲍,mass
海带,mass
椒香,mass
整鸡,mass
清水,mass
孔雀造型,mass
粉条子儿,mass
香鲳,mass
冰凉一,mass
多春,mass
木樨,mass
柠香菠萝果,mass
龙利,mass
微波炉,mass
小春鸡,mass
面条,mass
板栗,mass
鸡片,mass
蜜汁脆皮,mass
照焼,mass
电压力锅,mass
微辣,mass
柠蜜香,mass
回锅,mass
咸鲜大,mass
鸡趐,mass
特制酱汁,mass
玫瑰,mass
猪小扒,mass
滑鸡,mass
季豆,mass
辅食之,mass
早餐之蛋,mass
碎肉,mass
回锅肉,mass
灰灰的,mass
茨菇红,mass
花肉闷,mass
希腊爱琴海风,mass
腔排一锅,mass
菰米,mass
牙签兔肉,mass
苹果,mass
节日,mass
东北,mass
茄盒,mass
酒香,mass
什锦,mass
蒙古族手扒,mass
牛柳,mass
碎米,mass
扇贝丁,mass
干锅,mass
自贡小,mass
鸭胗,mass
跳舞,mass
珍香,mass
梅花肉,mass
锅版奥尔良,mass
鸡排,mass
甜酸,mass
火焙,mass
香芹菰米,mass
双味,mass
香菜,mass
鸭肝,mass
泡椒鸡胗,mass
杂菜,mass
微波,mass
田鸡,mass
荔枝,mass
茄汁大明,mass
小排,mass
皮蛋,mass
辣里脊,mass
里脊,mass
豉汁,mass
味儿茭白,mass
黄豆芽培根,mass
泡椒香菜,mass
红眼,mass
蜂蜜鸡根,mass
海鲜一锅,mass
四丁,mass
广式,mass
色凉,mass
酥香,mass
木瓜,mass
鸡脖,mass
鸭爪,mass
避风堂,mass
微波金针腊,mass
金菇,mass
翡翠鲜,mass
鲜蘑,mass
茄汁小,mass
箱版脆皮,mass
三道鳞,mass
剩串改造,mass
三丁,mass
压锅,mass
培根荷兰豆,mass
纯牛筋,mass
德国猪手,mass
牛仔骨,mass
出超嫩滑的蛋,mass
土鸡,mass
淮山,mass
黄鳝,mass
贵州牛干巴,mass
小干,mass
木须肉干,mass
彩爆,mass
新年华丽丽,mass
全鸡,mass
剁椒荷包蛋,mass
铁板,mass
家乡,mass
上脑,mass
淮扬菜清,mass
粉狮子头,mass
水鸭肝,mass
榨菜,mass
蜜汁香,mass
山楂,mass
金橘,mass
银耳,mass
仔鸡,mass
百香果甜酸,mass
酒香蜜制,mass
爽口,mass
陈氏,mass
老干妈,mass
鸡杂,mass
不用,mass
的叉,mass
一一又好味,mass
什锦大,mass
香红衫,mass
药膳,mass
夏枯草棉茵陈,mass
小公鸡,mass
丸子非,mass
加蔬菜,mass
盆盆,mass
北方,mass
销魂,mass
海参,mass
爆香,mass
番茄,mass
砂锅烀肉,mass
鲜辣小杂,mass
豆豉腊肉煸,mass
花菇,mass
豆豉沼,mass
培根大,mass
诱惑香,mass
香开背,mass
咸蛋,mass
蹄花,mass
青口螺,mass
惹味小,mass
高压锅红,mass
巨简单的,mass
里脊片,mass
川味肉丝,mass
田园,mass
泡椒鸡脚,mass
开花,mass
梅菜,mass
扣肉,mass
双味剁椒,mass
花色,mass
鸭胸,mass
荷叶包,mass
腐乳,mass
电饭锅,mass
咸蛋黄,mass
牛蒡丝,mass
西施,mass
狮子头,mass
猪肠,mass
白肉,mass
无聊的时候,mass
香蛋饺,mass
鸽子蛋,mass
泡椒嫩,mass
海参丝,mass
鲜嫩的酱爆,mass
微波版酸梅,mass
肉香,mass
箱做剁椒,mass
黄豆,mass
汁鸭,mass
儿童,mass
锅做凤尾,mass
白贝,mass
潍县,mass
无锡,mass
好味道,mass
蛋黄,mass
老干妈肉片,mass
菜之红,mass
脆皮,mass
太阳果,mass
改良,mass
辣椒火焙,mass
滑肉,mass
的秘密,mass
能吃到蛋的,mass
螺丝,mass
爆鸡胗,mass
箱的一生之,mass
米豆豉,mass
短肋肉,mass
香回锅肉,mass
大排,mass
菜男淮山辣,mass
牙签,mass
苏式黑叉,mass
贝肉,mass
豌豆,mass
里脊小,mass
牙签肉,mass
玫瑰腐乳,mass
青口,mass
鸡头米,mass
傣味草捆,mass
外婆红,mass
风琴,mass
野生小,mass
沙茶鲜,mass
如意蛋,mass
用电饭锅,mass
的红,mass
鸭架,mass
培根鲜,mass
酱爆肉末,mass
白切,mass
啤酒,mass
豉味椒香,mass
火锅,mass
孔雀开屏,mass
什锦海鲜,mass
简易好滋味,mass
微波酱味子,mass
田螺肉,mass
心荷包蛋,mass
微波炉版,mass
香脆,mass
泰国,mass
传奇皮皮,mass
闷尖头,mass
紫苏,mass
双椒黄花,mass
开背,mass
黄辣丁,mass
双椒爆,mass
三杯鸡,mass
下酒菜泡椒,mass
薯片脆皮,mass
有机,mass
味儿,mass
鸭五件头,mass
茴香,mass
烟熏培根芦,mass
大理红,mass
酱爆桃仁,mass
完爆,mass
牛腱,mass
鸭下巴,mass
甜辣培根,mass
薏米,mass
剁辣椒,mass
面筋肉球,mass
青条,mass
薄荷,mass
鸡公火锅,mass
虎皮,mass
山坑,mass
比目,mass
粉条,mass
韭黄,mass
鸡肾,mass
大块肉,mass
皮皮,mass
肉可乐,mass
猪颈肉,mass
鲜嫩,mass
东北腊肠,mass
泡椒酸,mass
酸菜芒,mass
小咸,mass
刁子,mass
简易香香红,mass
荷香,mass
小肉丸,mass
超用心的,mass
南乳,mass
蕃茄,mass
琪子君之泡椒,mass
桂花蜜,mass
酸菜蹄花,mass
风吹,mass
菲的快乐农场,mass
胶原蛋白,mass
空气翻,mass
泡椒无骨,mass
爆鸭,mass
翅微波炉,mass
紫甘蓝,mass
超浓郁,mass
渝味肉丝,mass
辣子鸡,mass
黄金龙利,mass
培根茭白,mass
蛋丝,mass
东北肉蘑,mass
蔬原味,mass
螺蛳,mass
咸肉,mass
无腌料自制,mass
豉香砂锅,mass
翅尖,mass
猪头皮,mass
咸菜,mass
开边,mass
汁泼皮蛋,mass
芥蓝头榨菜,mass
香鲜,mass
辣爆,mass
家庭简单,mass
芋儿,mass
肉棒,mass
蕨菜,mass
刀豆,mass
渝味白,mass
蛇瓜,mass
三鲜,mass
菜心,mass
折耳根,mass
芦蒿,mass
栗子鸡,mass
牛舌,mass
肉丸,mass
红糟,mass
锅红,mass
自创,mass
芒果,mass
柿子,mass
椒麻,mass
腊肉丁,mass
香叶,mass
茄汁洄回,mass
武昌,mass
最简单的红,mass
茄汁草菇,mass
肉猪颈肉,mass
酱汁,mass
海带红,mass
鸡小腿,mass
箱做的,mass
芸芸小厨,mass
中式,mass
梅菜扣肉湖南,mass
绞瓜,mass
棒棒,mass
手把羊内蒙古,mass
小猪排,mass
梅花肉排,mass
面筋,mass
荞头,mass
肉生爆肉,mass
鲜肉,mass
农家,mass
肉脂渣,mass
跳跳,mass
腊肉香芋,mass
山珍海味,mass
酸菜白肉熬,mass
培根怒,mass
工人阶级,mass
清新,mass
简版红,mass
海苔肉,mass
胡罗卜,mass
明太,mass
祘子陈皮,mass
翠干,mass
千子,mass
黄鸡,mass
白芦,mass
干菜,mass
老廖家的腊梅红,mass
熏鸭,mass
杨桃,mass
纸包,mass
椒麻鸡丝,mass
也学酱汁,mass
椒麻凉,mass
高升,mass
芥末,mass
鸭丝,mass
鸭珍,mass
海螺,mass
白胡椒,mass
翡翠,mass
甜味,mass
咸鸡,mass
锡纸包,mass
老汁香,mass
荠菜,mass
菠萝咕咾,mass
猪耳朵,mass
焦溜,mass
肉糜刀豆,mass
青瓜,mass
肉圆,mass
茭白煨,mass
泼辣水,mass
大盘鸡,mass
豆豉辣,mass
猪心,mass
简易鸡,mass
极其方便的,mass
不一样红,mass
碎米肉,mass
梅干菜,mass
荷叶夹,mass
酱爆八爪,mass
烟秋肉,mass
紫苏香,mass
水鸭胗,mass
苔腊肉,mass
沙茶,mass
话梅,mass
大明,mass
羊肝菌红,mass
五色时蔬,mass
宝贝最爱,mass
皮肉,mass
不用吐皮儿的日式,mass
肉粒梅菜,mass
肉沬,mass
猪血,mass
茄汁,mass
肉糜,mass
腥草,mass
沙丁,mass
新奥尔良口味,mass
黄金贝柱,mass
豉香,mass
高压锅皮冻的,mass
黄金酥,mass
自泡酸,mass
橙香三文,mass
糟溜,mass
末鲜,mass
爆扇贝,mass
鲜味,mass
腐乳汁,mass
菜鸟级爱心,mass
醬香小,mass
鋀鼓,mass
柠香鳜,mass
贝鸡,mass
辣味,mass
蛤喇,mass
小鲍,mass
三文,mass
黄河,mass
辣椒小,mass
腐乳红,mass
芥蓝,mass
夢卜丝,mass
榨菜豉汁,mass
冬菇,mass
豆豉剁椒,mass
桂花,mass
酸梅,mass
甜口,mass
简单豆豉,mass
块红,mass
简单熏,mass
青口贝壳类,mass
五彩皮皮,mass
小酥,mass
水莱脯黄翅,mass
蝴蝶,mass
傻瓜川式酸菜,mass
肉松,mass
微波清,mass
自创剁椒干,mass
太子小,mass
吮指香,mass
柠香可乐,mass
腌酸,mass
干蕨菜,mass
手撕,mass
韭花,mass
嘎嘣,mass
栗子,mass
崂山松蘑,mass
鸭丝蛋,mass
玉竹沙参,mass
冰花梅,mass
水鸭,mass
茶香,mass
泥蒿,mass
仿湘味,mass
广东鸡,mass
黄记煌三汁,mass
如何,mass
出滑嫩的,mass
蚕豆米,mass
肉川味,mass
早餐一一爱心,mass
印花,mass
小鸡仔,mass
沙葛,mass
味茶叶蛋,mass
嫩滑,mass
咕噜肉,mass
贝壳,mass
事事如意之红,mass
芥菜头,mass
肉蛋,mass
茵陈,mass
猪脚不用香料,mass
猪腿肉,mass
紫菜薹,mass
剁椒辣,mass
苹婶厨房,mass
鲍王菇面筋,mass
酸菜小,mass
孢子甘蓝,mass
川香小,mass
苔小,mass
瓜圈,mass
巧妇小,mass
腊肉煨芦,mass
寿喜,mass
酱带子鲜贝,mass
自助,mass
技术,mass
出滑嫩,mass
红红火火,mass
可乐啤酒,mass
酱爆鲜八爪,mass
椒爆鸡胗,mass
鸡脚,mass
小银,mass
苏式熏,mass
爆小,mass
肯德基,mass
菜男黄,mass
农家鸡,mass
韩味,mass
野山椒,mass
酱三丁,mass
茄条,mass
快手菜之,mass
圣女果,mass
猪扒,mass
湘菜辣子,mass
蕨菜小,mass
零厨艺又来袭,mass
味笨椒,mass
地中海风情菠萝,mass
鸡宝宝餐,mass
芥兰,mass
塔吉锅,mass
宁波红膏呛,mass
三丝,mass
素鸡小,mass
芫荽,mass
牛蛙,mass
渣子,mass
雪里红芥菜,mass
扒全茄,mass
菜凹锅肉,mass
牛蒡菌菇,mass
肉和,mass
干红,mass
紫菜头,mass
血皮菜,mass
草菇,mass
大黄花,mass
沙茶香芋,mass
豆豉皮蛋韭,mass
糯米粉,mass
猪肚,mass
藜蒿,mass
橙汁红,mass
金针,mass
元菇,mass
猪爪,mass
学做,mass
海鲜,mass
小黃,mass
简单的辣椒,mass
石斑,mass
薹肉丝,mass
啤酒鸡,mass
小白鲳,mass
蚕豆,mass
闽南,mass
互敬互爱的梅菜,mass
藠头,mass
腊猪头肉,mass
雪菜魔芋丝,mass
粉篜,mass
茄汁大豆,mass
草茹元椒,mass
猪面肉,mass
青蘑,mass
小麻花,mass
莲子,mass
黄金第一桶,mass
苍蝇头,mass
肉串,mass
缤纷,mass
菌菇,mass
豉椒,mass
香脆银,mass
黔味爆,mass
肉的腌制,mass
杂蔬,mass
虫草花香芋,mass
金玉菇,mass
灯椒溜,mass
猪肺,mass
杨氏红,mass
无丝,mass
广式腊肠,mass
海带丝,mass
田螺,mass
豉椒小银,mass
江西辣,mass
鲜菇,mass
箱之,mass
蛄濑尿,mass
炆支竹,mass
春韮,mass
生瓜小,mass
详解酸,mass
云南菜之,mass
广式清,mass
午餐肉,mass
花斑,mass
干丝,mass
原滋原味,mass
姬松茸,mass
辣椒末,mass
菜男桂花凤尾,mass
菠萝蜜丝,mass
肉汁脆皮小,mass
肉沫小,mass
猪碎肉,mass
马蹄,mass
疙瘩儿,mass
斑节,mass
海蛎,mass
罗汉,mass
豆瓣青,mass
泡脚,mass
牙片,mass
松果玉,mass
起司,mass
猪寸骨,mass
菜梗,mass
裹肉,mass
肘子,mass
猪头肉,mass
胖头,mass
山蔨,mass
鸭血,mass
家庭式腊肠,mass
合菜,mass
超易版红,mass
娃娃菜,mass
晶莹红,mass
荷叶腐,mass
花果,mass
杭椒,mass
剁椒清,mass
家传红,mass
泰汁,mass
潮州沙茶,mass
芝加哥香,mass
牛扒,mass
浇汁,mass
黑啤,mass
灌肉,mass
荸荠,mass
熏鹅,mass
自家,mass
包鸡,mass
东亚,mass
香丁香,mass
鸟巢,mass
四季,mass
新加坡辣,mass
家熬,mass
水鸡脚,mass
竹节,mass
雪菜,mass
雅片,mass
百页,mass
青豆酸菜,mass
肉泥,mass
茄汁三文,mass
秋耳,mass
菠萝咕噜,mass
小茴香,mass
沙茶芦,mass
味增,mass
猪耳,mass
嫩嫩,mass
金鲳,mass
菜男,mass
茄夹,mass
老友,mass
蚌肉,mass
茼蒿,mass
清新红,mass
鳗魚丝,mass
马鲛,mass
肉顿,mass
开屏,mass
暴腌青占,mass
莴苣丝芥末味,mass
菱角,mass
烂糊,mass
韭香,mass
腊味小,mass
海蛎子,mass
甜酱鸭,mass
水蕨,mass
基尾,mass
酱瓜,mass
普洱,mass
铁锅爆,mass
羊杂,mass
下饭菜之碎,mass
腊肉简单三部曲,mass
双椒,mass
蛋滑,mass
酱茄条,mass
滑嫩,mass
臭桂,mass
朝天椒,mass
长豆,mass
椒爆,mass
食京,mass
荷包蛋,mass
茶香嫩,mass
仔鸭,mass
兰花,mass
莴苣,mass
海参斑,mass
剥皮,mass
剁椒酸,mass
全民赛,mass
双菇,mass
空心菜,mass
口水,mass
蔓德拉的厨房木须,mass
辣酱爆,mass
浓香,mass
简易韭花,mass
简单的剁椒,mass
昭通老酱爆,mass
玫瑰花红,mass
酱爆,mass
普宁豆,mass
酱肉松蛋,mass
碗小酥肉,mass
蛋红,mass
辣炝,mass
鲜汁,mass
香芋,mass
牛杂,mass
讨人喜的珍珠,mass
兔子肉,mass
碎米芽菜,mass
易消化,mass
青头菌,mass
咸菜煸,mass
肉骨茶,mass
栗子冬菇炆,mass
唇齿留香的南乳,mass
澳洲和牛,mass
羊腿,mass
牛筋,mass
火爆,mass
套餐,mass
芽苗菜,mass
酱味,mass
阿根延大红,mass
香飘飘的,mass
橙汁,mass
香椿,mass
倒立,mass
上海醉,mass
干锅黄,mass
肉圆子,mass
面筋肉圆,mass
肥肠,mass
肉早餐,mass
梅香,mass
翅膀,mass
脆骨鸡,mass
黄金鲽,mass
湘味小,mass
荷兰豆滑,mass
猪柳,mass
蜜香,mass
臻蘑,mass
薄荷叶,mass
豆豉鲮,mass
麦菜,mass
不太辣的辣子,mass
青柠红咖,mass
超辣,mass
清新简单雪菜,mass
茨菇,mass
黄金蝴蝶,mass
彩绘,mass
白痴版的可乐,mass
色的香嫩红,mass
最清爽的,mass
橙香,mass
玫瑰红,mass
肉米,mass
身残志坚水,mass
培根辣椒,mass
明月红,mass
小笨鸡,mass
培根加小,mass
百叶结,mass
酱料,mass
猪俐,mass
菜远,mass
肥厚的,mass
扯蛋,mass
海鲜小,mass
水嫩,mass
椎茸,mass
金针酸菜,mass
吉野家,mass
董小姐,mass
龙头,mass
可乐小,mass
包菜,mass
最爱红,mass
版无,mass
甜酒,mass
素斋蜜汁,mass
红酒可乐,mass
川椒,mass
塞肉,mass
板指,mass
佳节宴客大菜之香,mass
猪皮冻小马哥,mass
黄豆猪脚,mass
香红,mass
狂野生鲜皮皮,mass
熏肉,mass
猪生肠,mass
肉末,mass
地方美食紫背菜,mass
河鳗,mass
苔腊肠,mass
肉熬,mass
豆豉鲶,mass
白鲳,mass
甜豆,mass
鲜贝,mass
酱猪,mass
椒香小,mass
榛菇红,mass
宿舍红,mass
原只椰子,mass
秧草桂,mass
红衫,mass
竹荪,mass
无花果,mass
茄汁非,mass
韩国,mass
红扒,mass
蚬肉,mass
杨梅酒,mass
手撕鸡丝,mass
茸开背,mass
飘香小,mass
香酸梅,mass
皮蛋松,mass
韭苔,mass
家乡豆瓣,mass
什鲜,mass
炆鲳,mass
黄鳗,mass
蓝莓,mass
仙菇豆板酥,mass
翠皮,mass
鸭肠,mass
五花红,mass
多味杂蔬,mass
木须,mass
肉碎,mass
麻婆,mass
莲菜,mass
板栗黄,mass
快手菜,mass
湖南辣椒,mass
肉栗子,mass
球小厨酸菜,mass
夹肉,mass
猪腰,mass
桃胶,mass
分钟学会凉,mass
时三餐之泡菜,mass
心菜双菇,mass
日本,mass
心菜,mass
爽口的凉,mass
色小,mass
野味小,mass
面黄,mass
腌菜,mass
微波也能,mass
快手伴,mass
微波炉版麻婆,mass
不苦的,mass
蓑衣,mass
茄汁脆皮,mass
香豆丝,mass
色芦,mass
特级初榨,mass
麻香,mass
扒丝,mass
爽口樱桃,mass
老干妈凉,mass
简单又的麻婆,mass
锡纸,mass
麻婆鸳鸯,mass
茄丝,mass
泥手撕,mass
湘式,mass
川味腌,mass
爽口脆,mass
霉干菜,mass
平底锅式,mass
心里美,mass
浸豆,mass
京糕花,mass
香小,mass
香豆瓣,mass
蜜制小,mass
小包菜,mass
手撕包菜,mass
脆爽腌,mass
麻婆家的,mass
柿子椒,mass
茄丁,mass
榨菜白干丝,mass
拨丝,mass
五丝,mass
渍小,mass
爽口小,mass
擂钵,mass
番瓜,mass
香蕉,mass
松仁,mass
清爽解腻凉,mass
爽口凉,mass
西部红辣,mass
杂菇,mass
黄豆芽,mass
樱桃小,mass
柠香凉,mass
春盘,mass
风干肠,mass
大棒骨,mass
角瓜,mass
沙参饮,mass
拔丝,mass
辣爆圆,mass
紫薯,mass
凉调,mass
条辣椒,mass
骨汁,mass
桂花胭脂,mass
重口味素食,mass
胭脂,mass
千页,mass
清口,mass
啤酒渍,mass
脑花,mass
滑嫩鲜汁,mass
不发黑的,mass
心兰花,mass
干咸菜,mass
惹味,mass
家制麻婆,mass
香椿时代之香椿,mass
家味西胡,mass
水灼,mass
普宁,mass
双色熘,mass
罗卜一家亲,mass
豆芽凉,mass
炝锅,mass
冬菜,mass
干黄豆咸菜,mass
黑豆芽,mass
五彩榨菜丝,mass
莲蓬,mass
香蚕豆,mass
果香松仁,mass
手撕圆,mass
辣椒丝,mass
疙瘩,mass
瓜片,mass
地方美食擂,mass
金边,mass
拉皮,mass
紫甘蓝腌,mass
冬菇包菜丝,mass
莲花白包菜,mass
鸳鸯,mass
酱和,mass
沙司,mass
简易干锅,mass
珍选捞汁,mass
苔菜,mass
豆豉煸,mass
釀蝦,mass
青菜,mass
泡辣,mass
上海青,mass
极简素,mass
圆茄,mass
塌菜,mass
木兰芽,mass
怪味,mass
小孩都能学会的,mass
鲜椒黄辣丁,mass
养身,mass
塔吉锅之,mass
开洋,mass
怪噜,mass
海米,mass
银芽,mass
海鲜菇,mass
杂素,mass
白果,mass
樱桃,mass
菜苔,mass
陈皮小,mass
荷兰豆丝,mass
祖母的凉,mass
麻汁,mass
马兰头,mass
熊掌,mass
不散秘诀,mass
片重庆,mass
现磨,mass
浇汁黄,mass
水老,mass
吃它,mass
苔丝,mass
菜豆芽,mass
的吃法,mass
泥蓑衣,mass
老干妈辣,mass
遇见花开腌,mass
佛手,mass
瘦身日式,mass
小菜,mass
双色,mass
香芒,mass
燕窝,mass
去燥润肺饮,mass
茭白咸菜,mass
米椒,mass
湘辣,mass
自创东北,mass
圆子,mass
三色丁,mass
湖南腊,mass
素玉,mass
云南老奶,mass
咸香,mass
紫菜,mass
香甜,mass
苋菜,mass
小黑碗,mass
莱心,mass
瘦身,mass
超清爽瘦身餐凉,mass
海藻海,mass
丝飞水,mass
过瘾的凉,mass
全素菜哟,mass
黑白分明,mass
花香,mass
紫晶藻,mass
芹叶,mass
泥酸,mass
撒金,mass
茶巾,mass
酱腌,mass
豆芽菜,mass
外脆里嫩红,mass
菊花,mass
田园手撕,mass
菠萝咕老,mass
千叶,mass
小菇,mass
宫爆,mass
海鲜金砖,mass
果仁,mass
紅燒脆皮,mass
素丸,mass
菜之素,mass
脆爽,mass
菜团,mass
儿时味道,mass
爽口圆,mass
茄泥,mass
大头菜,mass
夹心,mass
蓑衣凉,mass
乌贼,mass
孜香,mass
茄汁鲜,mass
多味,mass
两步,mass
醪糟醉,mass
香闷,mass
素菜,mass
夏季小清新之凉,mass
丝海带丝,mass
皮素菜,mass
豆泡,mass
杏仁,mass
茄丝儿,mass
荷塘素,mass
塌塌,mass
夏果,mass
清爽芦,mass
太婆,mass
拔烂子,mass
芦笋,mass
紫甘蓝凉,mass
蓑衣樱桃小,mass
魔芋辣,mass
滋味,mass
花朵,mass
桃花,mass
云南懒,mass
甜不辣,mass
金钩,mass
黑豆,mass
包心菜,mass
素小,mass
橄榄菜清,mass
泼小,mass
剁椒冻,mass
无水,mass
日式浇汁,mass
酒鬼,mass
的诱惑,mass
分享,mass
彩鲜,mass
爽脆,mass
红豆,mass
海茸条,mass
小青菜,mass
樱玉,mass
橄榄脆皮,mass
香剁椒,mass
欧风,mass
色椒,mass
不一样的脆,mass
调料,mass
清新茶干素食小,mass
牌麻婆,mass
妈妈,mass
铁杆,mass
脆肠,mass
蛇皮,mass
陈皮浸小,mass
冰镇芦,mass
蜇皮,mass
甘蓝,mass
芹香,mass
花式,mass
松花,mass
四喜脆,mass
红苋菜,mass
冰镇紫苏梅,mass
清香,mass
简单版自制辣椒,mass
两面黄,mass
色拉,mass
清淡,mass
留学生之松仁,mass
介介,mass
绿野仙踪简易速,mass
酸爽腌,mass
锅爆,mass
锅巴,mass
泥麻,mass
米香,mass
豆豉什锦,mass
花毛水,mass
泼嫩,mass
越橘,mass
瓜皮,mass
黑白,mass
溜包菜,mass
剁椒炝,mass
白玉菇,mass
铁棍,mass
蔓德拉的厨房凉,mass
窝瓜,mass
淋辣椒,mass
金玉,mass
灰灰的拍,mass
珍珠,mass
苦菊,mass
桃仁,mass
手撕酸,mass
简单三部曲腌,mass
紅燒,mass
凉伴,mass
溜包菜丝,mass
泼干,mass
武冈,mass
柠香,mass
云南竹荪扒芦,mass
小肠,mass
鹌鹑,mass
绞巾,mass
什锦菜,mass
爆银芽,mass
黑白双煞之,mass
小青豆,mass
圆辣椒,mass
金玉满堂之,mass
酱爆洋,mass
双耳,mass
泥苋菜,mass
红绿椒,mass
榄菜,mass
开锅,mass
包菜丝,mass
薏米扒,mass
黑牡丹榨菜,mass
裏紫,mass
圆椒,mass
片栲姥姥,mass
包菜小,mass
丝凉菜,mass
小清新,mass
虫草花,mass
时蔬,mass
最简单的素,mass
清新凉爽菊,mass
番薯叶,mass
裙带菜,mass
水果色拉,mass
酸菜芯,mass
韭芽,mass
呛爆豆芽菜,mass
皇帝菜,mass
翠丁,mass
香素,mass
香糯桂花,mass
夫妻,mass
豆鼓,mass
关东,mass
豆豉鲜,mass
三色,mass
红肠,mass
苦菊火龙果心里美,mass
豉香小,mass
瓜丁,mass
椒圈儿,mass
滇味千叶,mass
怪味蓑衣,mass
港式清,mass
桂圆醪糟,mass
老干妈狼牙,mass
南乳淮山,mass
滑子菇,mass
熏干,mass
别样吃,mass
蔬菜丸,mass
霸王,mass
紫甘兰凉,mass
淋芦,mass
肺头,mass
金针蘑,mass
颜值爆表的凉,mass
日式冰镇芦,mass
含有,mass
懒的,mass
清爽脆,mass
豆皮腐皮,mass
蜂蜜腌,mass
无添加之,mass
长沙臭,mass
简单快手菜,mass
杂蔬粒,mass
榨菜情缘,mass
酸溜,mass
滇味豆豉辣,mass
非常简单的红,mass
脆而酸爽,mass
清爽,mass
扁豆芽,mass
乾隆,mass
四季梅,mass
玉子,mass
洋花,mass
铁板圆,mass
蚕蛹,mass
荷仙菇,mass
清凉,mass
低碳豆豉,mass
泼青,mass
双丝,mass
什錦蔬,mass
清肠凉,mass
特别清爽,mass
灰灰的古老,mass
梅汁芦,mass
芥菜,mass
拉丝,mass
干纯素,mass
水面筋,mass
桃胶千叶,mass
开心麻汁凉,mass
糊了,mass
嫩薯秧,mass
双瓜,mass
水豆豉,mass
虫草,mass
小圆子,mass
小瓜,mass
芙蓉,mass
杂菜小,mass
芥蓝清,mass
手撕凉,mass
夏季必吃,mass
包素三丝,mass
冰镇,mass
豆丝,mass
纯素,mass
糊糊,mass
薹辣椒,mass
秒一道小,mass
爽脆包心,mass
茸空心菜,mass
灰灰的清,mass
香墩墩,mass
春韭,mass
腌脆,mass
微波炉版凉,mass
微波炉清,mass
胡瓜,mass
山芋,mass
爽口的,mass
小咸菜,mass
干肠,mass
遇上,mass
荠菜面筋,mass
雪里红,mass
豆瓣,mass
千层,mass
酱爆圆,mass
绿色,mass
榨菜丝,mass
鲍汁扣,mass
银芽丝,mass
水晶丝,mass
菜万能调味汁,mass
水晶,mass
马兰,mass
平茹,mass
通菜梗,mass
蒿子杆,mass
重口味,mass
杏包菇,mass
悠哥谱,mass
茼蒿菜,mass
白玉,mass
蘸汁,mass
水空心菜,mass
味鲜,mass
荟萃,mass
零厨艺凉,mass
蔬菜坚果色拉,mass
紫包菜,mass
老虎菜,mass
黄飞鸿老,mass
地瓜叶,mass
吉祥豆,mass
凉瓜,mass
乡党,mass
酸奶,mass
珊瑚,mass
冰镇蜜汁,mass
小香芹和,mass
地瓜,mass
翠玉,mass
片自制,mass
密汁,mass
碰见,mass
鲜大杂,mass
电压力,mass
海参竹荪,mass
紫砂,mass
大骨,mass
鸡汤铁釜,mass
粉丝,mass
干贝竹笙,mass
爱吃的,mass
色薏仁骨头,mass
辅食之乳鸽薏仁,mass
肉酱蔬菜疙瘩,mass
辅食之蔬菜,mass
鸭血粉丝,mass
薏仁,mass
牛尾骨,mass
鲜蔬,mass
翅鸡,mass
指毛桃,mass
清甜,mass
酸菜苦,mass
双豆土茯苓猪骨,mass
汤双菇,mass
东瓜,mass
爱吃青菜肉丸,mass
干贝,mass
炝肉,mass
腔骨,mass
车螺芥菜,mass
葛根鸡,mass
当归,mass
骨头,mass
金瓜,mass
顺气黑白,mass
鸽子,mass
竹笙,mass
归一,mass
筒骨,mass
蓝带水果,mass
扁尖老鸭,mass
虫草花水鸭,mass
青瓜丸子,mass
田园大排,mass
什锦豆芽,mass
花胶猪骨,mass
袪湿靓汤袪湿豆,mass
双骨,mass
龙骨,mass
丸子胡辣,mass
大骨棒,mass
丸子海菜,mass
上汤菌翅,mass
棒骨,mass
松茸鸡,mass
糙米,mass
双雪,mass
酥皮海鲜浓,mass
罗宋,mass
白蒿,mass
罗汉果,mass
珍珠疙瘩,mass
昂公,mass
味菇板筋肉,mass
蛋花,mass
日式瘦身蔬菜,mass
瓜丝,mass
莲花竹荪鸡,mass
咸菜黄豆,mass
安徽小吃粉鸡,mass
野荠菜蛋花,mass
贝丝,mass
牛尾,mass
清凉补,mass
鸡茸,mass
牛尾蔬菜,mass
粉葛赤小豆,mass
丸子,mass
紫米疙瘩肉丸,mass
节瓜海鲜,mass
薯仔红,mass
阴米鸡,mass
猪骨,mass
贵族海鲜浓,mass
清汤如意,mass
小手做羹,mass
当归羊蹄,mass
豆花,mass
深秋暖,mass
鸡骨,mass
我的红菜,mass
无花果花胶靓颜,mass
鲜香鸭架,mass
紫灵芝,mass
蚕豆杂蔬,mass
肉丸蔬菜,mass
黄骨,mass
四物,mass
老母鸡,mass
蔬菜浓,mass
菜男瑶柱竹荪,mass
翡翠白玉,mass
丸棒骨,mass
什锦蔬菜,mass
海参牛尾,mass
汤羊片,mass
琥珀琉璃鸡,mass
海带咸肉,mass
瑶柱,mass
猪尾巴,mass
香菜鸭血,mass
田园蔬菜龙骨,mass
茅根竹蔗红,mass
菜干,mass
青菜肉圆子,mass
雪耳,mass
我家的片,mass
胡椒猪肚,mass
文蛤,mass
冬寒菜,mass
素斋素高,mass
河蚌,mass
麻花蔬菜,mass
金银菜猪肺,mass
鸡骨草老母鸡,mass
丝老鸭,mass
扁尖,mass
培根咸,mass
虫草花龙骨,mass
鲜菇杂菌,mass
松茸,mass
用荷包蛋,mass
出来的上,mass
猪展芥菜,mass
青菜钵青菜,mass
薏米土茯苓猪骨,mass
鲜美竹荪,mass
苦茭猪肚,mass
归芪,mass
鸭架白玉,mass
猪圈,mass
青菜榨菜,mass
节瓜蛋花,mass
大骨头,mass
药膳鸽子,mass
金花,mass
金汤龙利,mass
猪骨黄豆,mass
海蜊,mass
清补凉,mass
鲜粉丝,mass
花旗参,mass
黄芪党参老鸽,mass
适合夏天喝的,mass
奶白,mass
田七霍斛,mass
菌菇骨,mass
海参花胶,mass
海粉,mass
味子川芎,mass
老鸡,mass
虫草花干贝鸡,mass
咸菜大,mass
上汤,mass
芋艿,mass
海带薏米,mass
中国农村版罗宋,mass
石锅三文,mass
粉皮,mass
柚子鸡,mass
淮杞丹参白凤,mass
黄豆鸡肝,mass
粉丝蛋,mass
雪菜豆瓣,mass
薯叶,mass
冬荫功,mass
溜菇肉丸,mass
驴肉,mass
菜蛋花,mass
黑豆猪骨,mass
葫子,mass
牛蒡红,mass
金瓜面儿,mass
塞肉碎,mass
小熊家鸭血,mass
胡辣,mass
花胶鸡,mass
沙白,mass
白果猪肚,mass
夏日清火,mass
党参,mass
虫草花猪腰,mass
鸡参,mass
骨酸菜,mass
干蚝,mass
蛋奶,mass
鸡汤煨,mass
银丝肉丸,mass
洋芋,mass
昂刺,mass
滋润水果,mass
金针小肠,mass
紫苏瓜仔,mass
什锦羹,mass
野葛根,mass
盅止咳,mass
西洋菜,mass
海白,mass
发财,mass
桂圆,mass
银儿,mass
彩蔬菜,mass
洋参霍斛鸽子,mass
鲜锅,mass
砂锅海带脊骨,mass
薏米鸭,mass
灵芝海参猪脚,mass
洋参老鸡,mass
桂圆安神,mass
虫草花补血鸡,mass
蒲公英,mass
寝室简便,mass
灵芝花胶,mass
斑鸠,mass
枇杷杏仁骨头,mass
荸荠甜,mass
菌菇肉丸子,mass
花胶玉竹,mass
乳鸽,mass
赤嘴花胶,mass
薏米水,mass
肉丸粉丝,mass
海带黄豆猪骨,mass
节瓜瑶柱清,mass
薏米骨头,mass
鲜菌,mass
凉瓜瑶柱,mass
山珍,mass
花祺参靓,mass
简阳,mass
霸王花骨头,mass
羅宋,mass
广东靓,mass
青菜肉丸,mass
汤药材,mass
生地,mass
无名豆骨头,mass
肉丸子,mass
虫草花龙眼,mass
蕃茄咸菜,mass
茯苓扁豆猪脊骨,mass
冬虫草花胶痩肉,mass
红米大福,mass
多芒小,mass
冰激凌,mass
黄桃,mass
水果罐头,mass
西米露,mass
椰汁,volume
黑米小,mass
箱也能做的小甜点,mass
榴莲,mass
台湾芋圆,mass
港式奶茶,mass
羹电饭锅,mass
双皮奶,mass
羹砂锅,mass
香芋西米露,mass
豆浆,mass
变身小清新,mass
玫瑰红酒,mass
果酱铜锣,mass
抹茶粉,mass
抹茶凉,mass
巧克力,mass
厚多士,mass
西米菰米冻,mass
冰糕,mass
雪糕,mass
巴菲,mass
椰子西米露,mass
火龙果,mass
腰果脆皮塔,mass
沙小,mass
豆豉凉,mass
米糕,mass
凉粉凉,mass
糟椒川北凉,mass
彩色葵花籽,mass
豆沙小,mass
桑葚果,mass
桂花酒,mass
汁料,mass
板栗豆浆,mass
蔓越梅果,mass
葫芦,mass
沙冰,mass
甜美,mass
鲜果汁,mass
西米捞,mass
机自制,mass
红果,mass
冰沙,mass
水蜜桃凉,mass
水蜜语,mass
饮料,mass
桑椹果,mass
简单的樱桃果,mass
樱桃西米露,mass
樱花饮料和凉,mass
甜品,mass
箱做,mass
玫瑰山藥泥,mass
雪哈,mass
甜软,mass
蔓越莓果,mass
瑞士,mass
桂圆豆浆,mass
蔓越莓红,mass
甜杏果,mass
金桔,mass
手作,mass
百香果,mass
罐头,mass
水桔子,mass
沙西米露,mass
之恋,mass
汤的衍生品,mass
川贝,mass
西米,mass
大杏仁,mass
糖水,mass
伤心凉,mass
杏肉果,mass
奇异果果,mass
燕麦,mass
金桔果,mass
秋季止咳润肺,mass
水橘子,mass
海凉,mass
黑豆浆,mass
西米汁,mass
桂花糕,mass
金耳,mass
玫瑰水,mass
西米奶茶,mass
香椿蛋,mass
彩蛋包,mass
宝补血,mass
手抓,mass
彩红米,mass
包子该成版了,mass
鸡丝凉,mass
手擀面之蔬菜,mass
关岛,mass
通心,mass
清新的肉丸,mass
彩蔬菰,mass
菰米八宝,mass
辅食青瓜早餐小,mass
山寨肠,mass
麻酱,mass
香荞麦,mass
年糕白粿,mass
星有爱的年夜,mass
方便,mass
意大利通心,mass
饺锅贴,mass
红补血,mass
酱浇河,mass
鹰嘴豆,mass
银针,mass
早餐,mass
冰花,mass
椰蓉地瓜,mass
软嫰,mass
彩蛋,mass
爱吃,mass
轻奢版一颗,mass
干脆,mass
燕麦瘦身,mass
岁后宝宝辅食电,mass
碗阳春,mass
红补血排湿,mass
陕西臊子,mass
香饺子皮,mass
潮汕砂锅,mass
米线,mass
蛋包,mass
球釜智能电,mass
香千层,mass
分钟早餐,mass
谷杂粮,mass
麻酱凉,mass
豆沙,mass
酱小酥,mass
宝甜,mass
超纯,mass
老北京,mass
微波什锦薯,mass
我爱家,mass
版凉,mass
发面烙,mass
万圣,mass
超韩国,mass
米鲜肉馄饨,mass
傣族菠萝,mass
黑红双色,mass
百种蛋,mass
饭等着你,mass
味水饺,mass
丝盖,mass
豆豉杂菜,mass
年糕,mass
饭团,mass
粽子,mass
椰子,mass
酱酥,mass
香年糕,mass
扬州,mass
无敌蛋,mass
蔬菜蛋,mass
酱手撕,mass
早餐手抓,mass
简易酥,mass
电饼铛馅,mass
燕麦西梅甜,mass
儿童蔬菜,mass
北京,mass
绘培根意,mass
馒头,mass
香早餐,mass
川味泡菜辣,mass
丝小,mass
饼盒,mass
鸡丝泡饭,mass
简易的菠萝,mass
最容易的,mass
三鲜打,mass
燕麦甜,mass
豆芽叉,mass
小花,mass
砂锅海鲜,mass
彩蝴蝶,mass
香蛋奶馒头,mass
饺子,mass
老上海的咸肉菜,mass
馅馄饨,mass
杨的翡翠冰花,mass
馒头君,mass
小红帽窝窝头,mass
荞麦,mass
彩缤纷蔬菜,mass
饺子皮小馅,mass
千层肉,mass
口香肉,mass
原味,mass
玫瑰花馒头,mass
面饼消耗,mass
多了的,mass
老济南凉,mass
浓香凤,mass
小熊,mass
补血养肾,mass
辅食多彩,mass
早餐香菜,mass
粒烙,mass
新疆手抓,mass
砂锅海鲜汤,mass
素什锦荞麦冷,mass
锅贴,mass
培根圆,mass
合菜盖帽春,mass
盖浇,mass
味花样馒头,mass
妈妈牌三鲜泡,mass
老友米,mass
热干,mass
大杂,mass
电饭锅闷,mass
咸蛋皮蛋,mass
咸式蛋,mass
手擀面之隔锅,mass
酥脆金丝,mass
南昌,mass
阳春汤,mass
刀削,mass
铁锅,mass
小小柿子,mass
时蔬蛋,mass
水果冰,mass
准妈,mass
蔬菜米,mass
小黄米年糕,mass
嫩肉,mass
苜蓿菜摊蛋,mass
饼内蒙特产哦,mass
夏季,mass
菇片,mass
花样,mass
糍粑,mass
粽子水果捞,mass
早餐肉,mass
全麦烫面馅儿,mass
渍鲑,mass
最原味的发面,mass
咸骨咸蛋芥菜,mass
咸肉香青菜,mass
蕨根,mass
蜜豆冰,mass
水果燕麦,mass
纯蔬菜汁彩色,mass
冬日里的快手,mass
菜肉大馄饨,mass
水饺,mass
面片,mass
炝锅汤,mass
小肉饼饺子皮,mass
香肉,mass
馅饺子,mass
可爱,mass
巴基斯坦,mass
包子,mass
西北,mass
馒头花,mass
黄金蛋包,mass
货真价实蛋包,mass
酱肉包子,mass
徐式,mass
红绿,mass
